[
  {
    "name": "Discord",
    "url": "discord.com",
    "logomark": "/discord-logomark.png",
    "publicDocs": "https://discord.com/developers/docs",
    "schema": {
      "authorId": {
        "description": "Unique identifier of the Discord user",
        "type": "string"
      },
      "authorUsername": {
        "description": "Username of the Discord user",
        "type": "string"
      },
      "totalMessages": {
        "description": "Total number of messages sent by the user",
        "type": "number"
      },
      "firstMessage": {
        "description": "Timestamp of the user's first message",
        "type": "string|null"
      },
      "lastMessage": {
        "description": "Timestamp of the user's most recent message",
        "type": "string|null"
      },
      "editedMessages": {
        "description": "Number of messages that were edited by the user",
        "type": "number"
      },
      "attachmentsCount": {
        "description": "Number of files or media attachments sent by the user",
        "type": "number"
      },
      "embedsCount": {
        "description": "Number of rich embeds (links, images, etc.) in user's messages",
        "type": "number"
      },
      "mentionsSent": {
        "description": "Number of times the user mentioned other users/roles",
        "type": "number"
      },
      "totalReactionsReceived": {
        "description": "Total number of reactions received on user's messages",
        "type": "number"
      },
      "totalMessageLength": {
        "description": "Total character count of all messages sent by the user",
        "type": "number"
      },
      "responseTimes": {
        "description": "Array of response times in seconds between user's messages",
        "type": "array"
      }
    }
  },
  {
    "name": "GitHub",
    "url": "github.com",
    "logomark": "/github-logomark.png",
    "publicDocs": "https://docs.github.com/en/rest",
    "schema": {
      "username": {
        "description": "GitHub username of the user",
        "type": "string"
      },
      "totalCommits": {
        "description": "Total number of commits made by the user",
        "type": "number"
      },
      "totalPRs": {
        "description": "Total number of pull requests created",
        "type": "number"
      },
      "totalIssues": {
        "description": "Total number of issues created",
        "type": "number"
      },
      "contributions": {
        "description": "Total contribution count in the last year",
        "type": "number"
      },
      "repositories": {
        "description": "Number of public repositories owned",
        "type": "number"
      },
      "stars": {
        "description": "Total stars received on public repositories",
        "type": "number"
      },
      "followers": {
        "description": "Number of followers",
        "type": "number"
      },
      "following": {
        "description": "Number of users being followed",
        "type": "number"
      }
    }
  },
  {
    "name": "Notion",
    "url": "notion.so",
    "logomark": "/notion-logomark.png",
    "publicDocs": "https://developers.notion.com/reference",
    "schema": {
      "userId": {
        "description": "Unique identifier of the Notion user",
        "type": "string"
      },
      "pagesCreated": {
        "description": "Number of pages created by the user",
        "type": "number"
      },
      "pagesEdited": {
        "description": "Number of pages edited by the user",
        "type": "number"
      },
      "commentsCount": {
        "description": "Total number of comments made",
        "type": "number"
      },
      "lastActive": {
        "description": "Timestamp of last activity",
        "type": "string|null"
      },
      "workspaces": {
        "description": "Number of workspaces user is part of",
        "type": "number"
      }
    }
  },
  {
    "name": "Telegram",
    "url": "telegram.org",
    "logomark": "/telegram-logomark.png",
    "publicDocs": "https://core.telegram.org/bots/api",
    "schema": {
      "userId": {
        "description": "Unique identifier of the Telegram user",
        "type": "string"
      },
      "username": {
        "description": "Username of the Telegram user",
        "type": "string"
      },
      "messageCount": {
        "description": "Total number of messages sent",
        "type": "number"
      },
      "mediaShared": {
        "description": "Number of media files shared",
        "type": "number"
      },
      "groupsJoined": {
        "description": "Number of groups user is part of",
        "type": "number"
      },
      "lastSeen": {
        "description": "Timestamp of last activity",
        "type": "string|null"
      }
    }
  },
  {
    "name": "Jira",
    "url": "atlassian.com/software/jira",
    "logomark": "/jira-logomark.png",
    "publicDocs": "https://developer.atlassian.com/cloud/jira/platform/rest/v3",
    "schema": {
      "accountId": {
        "description": "Unique identifier of the Jira user",
        "type": "string"
      },
      "issuesCreated": {
        "description": "Number of issues created",
        "type": "number"
      },
      "issuesAssigned": {
        "description": "Number of issues assigned to user",
        "type": "number"
      },
      "issuesResolved": {
        "description": "Number of issues resolved by user",
        "type": "number"
      },
      "commentsAdded": {
        "description": "Number of comments made on issues",
        "type": "number"
      },
      "averageResolutionTime": {
        "description": "Average time to resolve issues in hours",
        "type": "number"
      }
    }
  },
  {
    "name": "Google Meet",
    "url": "meet.google.com",
    "logomark": "/google-meet-logomark.png",
    "publicDocs": "https://developers.google.com/calendar/api/guides/create-events",
    "schema": {
      "email": {
        "description": "Google account email",
        "type": "string"
      },
      "meetingsHosted": {
        "description": "Number of meetings hosted",
        "type": "number"
      },
      "meetingsJoined": {
        "description": "Number of meetings joined",
        "type": "number"
      },
      "totalMeetingMinutes": {
        "description": "Total time spent in meetings (minutes)",
        "type": "number"
      },
      "presentationTime": {
        "description": "Total time spent presenting (minutes)",
        "type": "number"
      }
    }
  },
  {
    "name": "Zoom",
    "url": "zoom.us",
    "logomark": "/zoom-logomark.png",
    "publicDocs": "https://marketplace.zoom.us/docs/api-reference/zoom-api",
    "schema": {
      "userId": {
        "description": "Unique identifier of the Zoom user",
        "type": "string"
      },
      "meetingsHosted": {
        "description": "Number of meetings hosted",
        "type": "number"
      },
      "meetingsJoined": {
        "description": "Number of meetings joined",
        "type": "number"
      },
      "totalParticipants": {
        "description": "Total number of meeting participants",
        "type": "number"
      },
      "totalMeetingMinutes": {
        "description": "Total time spent in meetings (minutes)",
        "type": "number"
      },
      "recordingsCount": {
        "description": "Number of meeting recordings",
        "type": "number"
      }
    }
  },
  {
    "name": "WhatsApp",
    "url": "whatsapp.com",
    "logomark": "/whatsapp-logomark.png",
    "publicDocs": "https://developers.facebook.com/docs/whatsapp/cloud-api",
    "schema": {
      "phoneNumber": {
        "description": "User's phone number",
        "type": "string"
      },
      "messagesSent": {
        "description": "Total number of messages sent",
        "type": "number"
      },
      "mediaShared": {
        "description": "Number of media files shared",
        "type": "number"
      },
      "groupsJoined": {
        "description": "Number of groups user is part of",
        "type": "number"
      },
      "statusUpdates": {
        "description": "Number of status updates posted",
        "type": "number"
      },
      "callsMade": {
        "description": "Number of calls made",
        "type": "number"
      },
      "callMinutes": {
        "description": "Total duration of calls in minutes",
        "type": "number"
      }
    }
  },
  {
    "name": "Miro",
    "url": "miro.com",
    "logomark": "/miro-logomark.png",
    "publicDocs": "https://developers.miro.com/reference/api-reference",
    "schema": {
      "userId": {
        "description": "Unique identifier of the Miro user",
        "type": "string"
      },
      "boardsCreated": {
        "description": "Number of boards created",
        "type": "number"
      },
      "boardsEdited": {
        "description": "Number of boards edited",
        "type": "number"
      },
      "commentsAdded": {
        "description": "Number of comments made",
        "type": "number"
      },
      "elementsCreated": {
        "description": "Total number of elements created",
        "type": "number"
      },
      "collaborators": {
        "description": "Number of unique collaborators worked with",
        "type": "number"
      }
    }
  },
  {
    "name": "Mailchimp",
    "url": "mailchimp.com",
    "logomark": "/mailchimp-logomark.png",
    "publicDocs": "https://mailchimp.com/developer/marketing/api/",
    "schema": {
      "userId": {
        "description": "Unique identifier of the Mailchimp user",
        "type": "string"
      },
      "campaignsSent": {
        "description": "Number of campaigns sent",
        "type": "number"
      },
      "totalRecipients": {
        "description": "Total number of recipients",
        "type": "number"
      },
      "averageOpenRate": {
        "description": "Average email open rate",
        "type": "number"
      },
      "averageClickRate": {
        "description": "Average email click rate",
        "type": "number"
      },
      "listCount": {
        "description": "Number of mailing lists managed",
        "type": "number"
      }
    }
  },
  {
    "name": "Trello",
    "url": "trello.com",
    "logomark": "/trello-logomark.png",
    "publicDocs": "https://developer.atlassian.com/cloud/trello/rest/",
    "schema": {
      "userId": {
        "description": "Unique identifier of the Trello user",
        "type": "string"
      },
      "boardsCreated": {
        "description": "Number of boards created",
        "type": "number"
      },
      "cardsCreated": {
        "description": "Number of cards created",
        "type": "number"
      },
      "listsCreated": {
        "description": "Number of lists created",
        "type": "number"
      },
      "commentsAdded": {
        "description": "Number of comments made",
        "type": "number"
      },
      "attachmentsAdded": {
        "description": "Number of attachments added",
        "type": "number"
      },
      "checklistsCompleted": {
        "description": "Number of checklists completed",
        "type": "number"
      }
    }
  },
  {
    "name": "Figma",
    "url": "figma.com",
    "logomark": "/figma-logomark.png",
    "publicDocs": "https://www.figma.com/developers/api",
    "schema": {
      "userId": {
        "description": "Unique identifier of the Figma user",
        "type": "string"
      },
      "filesCreated": {
        "description": "Number of files created",
        "type": "number"
      },
      "commentsAdded": {
        "description": "Number of comments made",
        "type": "number"
      },
      "componentsCreated": {
        "description": "Number of components created",
        "type": "number"
      },
      "teamsJoined": {
        "description": "Number of teams joined",
        "type": "number"
      },
      "projectsContributed": {
        "description": "Number of projects contributed to",
        "type": "number"
      }
    }
  },
  {
    "name": "Google Calendar",
    "url": "calendar.google.com",
    "logomark": "/google-calendar-logomark.png",
    "publicDocs": "https://developers.google.com/calendar/api/v3/reference",
    "schema": {
      "email": {
        "description": "Google account email",
        "type": "string"
      },
      "eventsCreated": {
        "description": "Number of events created",
        "type": "number"
      },
      "eventsAttended": {
        "description": "Number of events attended",
        "type": "number"
      },
      "declinedEvents": {
        "description": "Number of events declined",
        "type": "number"
      },
      "totalEventHours": {
        "description": "Total hours scheduled in events",
        "type": "number"
      },
      "calendarsOwned": {
        "description": "Number of calendars owned",
        "type": "number"
      }
    }
  },
  {
    "name": "Google Drive",
    "url": "drive.google.com",
    "logomark": "/google-drive-logomark.png",
    "publicDocs": "https://developers.google.com/drive/api/v3/reference",
    "schema": {
      "email": {
        "description": "Google account email",
        "type": "string"
      },
      "filesCreated": {
        "description": "Number of files created",
        "type": "number"
      },
      "filesShared": {
        "description": "Number of files shared with others",
        "type": "number"
      },
      "storageUsed": {
        "description": "Total storage used in bytes",
        "type": "number"
      },
      "lastSync": {
        "description": "Timestamp of last sync",
        "type": "string|null"
      },
      "collaborators": {
        "description": "Number of unique collaborators",
        "type": "number"
      },
      "commentsAdded": {
        "description": "Number of comments made",
        "type": "number"
      }
    }
  }
] 